{"cameraMode":{"drawMode":0,"name":"Shaded","section":"Shading Mode"},"sceneLighting":false,"audioPlay":false,"sceneViewState":{"m_AlwaysRefresh":false,"showFog":true,"showSkybox":false,"showFlares":true,"showImageEffects":true,"showParticleSystems":true,"showVisualEffectGraphs":true,"m_FxEnabled":true},"in2DMode":false,"pivot":{"x":-0.005036592483520508,"y":0.9081008434295654,"z":0.0444941520690918},"rotation":{"x":-0.252729207277298,"y":-0.09646754711866379,"z":0.025330569595098497,"w":-0.9623813629150391},"size":5.591667175292969,"orthographic":false}