{"cameraMode":{"drawMode":0,"name":"Shaded","section":"Shading Mode"},"sceneLighting":true,"audioPlay":false,"sceneViewState":{"m_AlwaysRefresh":false,"showFog":true,"showSkybox":true,"showFlares":true,"showImageEffects":true,"showParticleSystems":true,"showVisualEffectGraphs":true,"m_FxEnabled":true},"in2DMode":false,"pivot":{"x":-0.0016678571701049805,"y":1.2353894710540772,"z":-0.1070399284362793},"rotation":{"x":0.24904046952724458,"y":0.16065774857997895,"z":-0.041933488100767139,"w":0.9541583061218262},"size":16.802799224853517,"orthographic":false}